Title,Link,Date,Category
"Presidential Permit Authorizing the City of Eagle Pass, Texas, to Expand and Continue to Maintain and Operate a Vehicular and Pedestrian Border Crossing at the Camino Real International Bridge Land Port of Entry",https://www.whitehouse.gov/presidential-actions/2025/06/presidential-permit-authorizing-the-city-of-eagle-pass-texas-to-expand-and-continue-to-maintain-and-operate-a-vehicular-and-pedestrian-border-crossing-at-the-camino-real-international-bridge-land-po/,20-Jun-25,"Presidential Actions, Presidential Memoranda"
Further Extending the TikTok Enforcement Delay,https://www.whitehouse.gov/presidential-actions/2025/06/further-extending-the-tiktok-enforcement-delay/,19-Jun-25,"Presidential Actions, Executive Orders"
250th Anniversary of the Battle of Bunker Hill,https://www.whitehouse.gov/presidential-actions/2025/06/250th-anniversary-of-the-battle-of-bunker-hill/,17-Jun-25,"Presidential Actions, Proclamations"
Implementing the General Terms of The United States of America-United Kingdom Economic Prosperity Deal,https://www.whitehouse.gov/presidential-actions/2025/06/implementing-the-general-terms-of-the-united-states-of-america-united-kingdom-economic-prosperity-deal/,16-Jun-25,"Presidential Actions, Executive Orders"
Nominations Sent to the Senate,https://www.whitehouse.gov/presidential-actions/2025/06/nominations-sent-to-the-senate-3c08/,16-Jun-25,"Presidential Actions, Nominations & Appointments"
"Father’s Day, 2025",https://www.whitehouse.gov/presidential-actions/2025/06/fathers-day-2025/,13-Jun-25,"Presidential Actions, Proclamations"
"Flag Day and National Flag Week, 2025",https://www.whitehouse.gov/presidential-actions/2025/06/flag-day-and-national-flag-week-2025/,13-Jun-25,"Presidential Actions, Proclamations"
Regarding the Proposed Acquisition of the United States Steel Corporation by Nippon Steel Corporation,https://www.whitehouse.gov/presidential-actions/2025/06/regarding-the-proposed-acquisition-of-the-united-states-steel-corporation-by-nippon-steel-corporation/,13-Jun-25,"Presidential Actions, Executive Orders"
250th Anniversary of the Founding of the United States Army,https://www.whitehouse.gov/presidential-actions/2025/06/250th-anniversary-of-the-founding-of-the-united-states-army/,13-Jun-25,"Presidential Actions, Proclamations"
"Presidential Permit Authorizing the City of Laredo, Texas, to Expand and Continue to Maintain, and Operate a Vehicular Border Crossing at the Laredo-Colombia Solidarity International Bridge Land Port of Entry",https://www.whitehouse.gov/presidential-actions/2025/06/presidential-permit-authorizing-the-city-of-laredo-texas-to-expand-and-continue-to-maintain-and-operate-a-vehicular-border-crossing-at-the-laredo-colombia-solidarity-international-bridge-land-port/,13-Jun-25,"Presidential Actions, Presidential Memoranda"
Stopping Radical Environmentalism to Generate Power for the Columbia River Basin,https://www.whitehouse.gov/presidential-actions/2025/06/stopping-radical-environmentalism-to-generate-power-for-the-columbia-river-basin/,12-Jun-25,"Presidential Actions, Presidential Memoranda"
Empowering Commonsense Wildfire Prevention and Response,https://www.whitehouse.gov/presidential-actions/2025/06/empowering-commonsense-wildfire-prevention-and-response/,12-Jun-25,"Presidential Actions, Executive Orders"
"Presidential Permit Authorizing Green Corridors, LLC, to Construct, Maintain, and Operate a Commercial Elevated Guideway Border Crossing Near Laredo, Texas, at the International Boundary Between the United States and Mexico",https://www.whitehouse.gov/presidential-actions/2025/06/presidential-permit-authorizing-green-corridors-llc-to-construct-maintain-and-operate-commercial-elevated-guideway-border-crossing-near-laredo-texas-at-the-international-boundary-between-the-us-mexico/,09-Jun-25,"Presidential Actions, Presidential Memoranda"
Department of Defense Security for the Protection of Department of Homeland Security Functions,https://www.whitehouse.gov/presidential-actions/2025/06/department-of-defense-security-for-the-protection-of-department-of-homeland-security-functions/,07-Jun-25,"Presidential Actions, Presidential Memoranda"
Leading The World in Supersonic Flight,https://www.whitehouse.gov/presidential-actions/2025/06/leading-the-world-in-supersonic-flight/,06-Jun-25,"Presidential Actions, Executive Orders"
Restoring American Airspace Sovereignty,https://www.whitehouse.gov/presidential-actions/2025/06/restoring-american-airspace-sovereignty/,06-Jun-25,"Presidential Actions, Executive Orders"
Unleashing American Drone Dominance,https://www.whitehouse.gov/presidential-actions/2025/06/unleashing-american-drone-dominance/,06-Jun-25,"Presidential Actions, Executive Orders"
Sustaining Select Efforts to Strengthen the Nation’s Cybersecurity and Amending Executive Order 13694 and Executive Order 14144,https://www.whitehouse.gov/presidential-actions/2025/06/sustaining-select-efforts-to-strengthen-the-nations-cybersecurity-and-amending-executive-order-13694-and-executive-order-14144/,06-Jun-25,"Presidential Actions, Executive Orders"
"Eliminating Waste, Fraud, and Abuse in Medicaid",https://www.whitehouse.gov/presidential-actions/2025/06/eliminating-waste-fraud-and-abuse-in-medicaid/,06-Jun-25,"Presidential Actions, Presidential Memoranda"
"National Ocean Month, 2025",https://www.whitehouse.gov/presidential-actions/2025/06/national-ocean-month-2025/,06-Jun-25,"Presidential Actions, Proclamations"
Enhancing National Security by Addressing Risks at Harvard University,https://www.whitehouse.gov/presidential-actions/2025/06/enhancing-national-security-by-addressing-risks-at-harvard-university/,04-Jun-25,"Presidential Actions, Proclamations"
Reviewing Certain Presidential Actions,https://www.whitehouse.gov/presidential-actions/2025/06/reviewing-certain-presidential-actions/,04-Jun-25,"Presidential Actions, Presidential Memoranda"
Restricting The Entry of Foreign Nationals to Protect the United States from Foreign Terrorists and Other National Security and Public Safety Threats,https://www.whitehouse.gov/presidential-actions/2025/06/restricting-the-entry-of-foreign-nationals-to-protect-the-united-states-from-foreign-terrorists-and-other-national-security-and-public-safety-threats/,04-Jun-25,"Presidential Actions, Proclamations"
Adjusting Imports of Aluminum and Steel into the United States,https://www.whitehouse.gov/presidential-actions/2025/06/adjusting-imports-of-aluminum-and-steel-into-the-united-states/,03-Jun-25,"Presidential Actions, Proclamations"
"Sequestration Order for Fiscal Year 2026 Pursuant to Section 251A of the Balanced Budget and Emergency Deficit Control Act, As Amended",https://www.whitehouse.gov/presidential-actions/2025/05/sequestration-order-for-fiscal-year-2026-pursuant-to-section-251a-of-the-balanced-budget-and-emergency-deficit-control-act-as-amended/,30-May-25,"Presidential Actions, Presidential Memoranda"
101st Anniversary of The United States Border Patrol,https://www.whitehouse.gov/presidential-actions/2025/05/101st-anniversary-of-the-united-states-border-patrol/,27-May-25,"Presidential Actions, Proclamations"
"World Trade Week, 2025",https://www.whitehouse.gov/presidential-actions/2025/05/world-trade-week-2025/,24-May-25,"Presidential Actions, Proclamations"
"Prayer for Peace, Memorial Day, 2025",https://www.whitehouse.gov/presidential-actions/2025/05/prayer-for-peace-memorial-day-2025/,24-May-25,"Presidential Actions, Proclamations"
"National Physical Fitness and Sports Month, 2025",https://www.whitehouse.gov/presidential-actions/2025/05/national-physical-fitness-and-sports-month-2025/,24-May-25,"Presidential Actions, Proclamations"
Deploying Advanced Nuclear Reactor Technologies for National Security,https://www.whitehouse.gov/presidential-actions/2025/05/deploying-advanced-nuclear-reactor-technologies-for-national-security/,23-May-25,"Presidential Actions, Executive Orders"
Ordering the Reform of the Nuclear Regulatory Commission,https://www.whitehouse.gov/presidential-actions/2025/05/ordering-the-reform-of-the-nuclear-regulatory-commission/,23-May-25,"Presidential Actions, Executive Orders"
Reforming Nuclear Reactor Testing at the Department of Energy,https://www.whitehouse.gov/presidential-actions/2025/05/reforming-nuclear-reactor-testing-at-the-department-of-energy/,23-May-25,"Presidential Actions, Executive Orders"
Reinvigorating the Nuclear Industrial Base,https://www.whitehouse.gov/presidential-actions/2025/05/reinvigorating-the-nuclear-industrial-base/,23-May-25,"Presidential Actions, Executive Orders"
Restoring Gold Standard Science,https://www.whitehouse.gov/presidential-actions/2025/05/restoring-gold-standard-science/,23-May-25,"Presidential Actions, Executive Orders"
"National Maritime Day, 2025",https://www.whitehouse.gov/presidential-actions/2025/05/national-maritime-day-2025/,22-May-25,"Presidential Actions, Proclamations"
President Donald J. Trump Signed S. 146 into Law,https://www.whitehouse.gov/presidential-actions/2025/05/president-donald-j-trump-signed-s-146-into-law/,19-May-25,"Presidential Actions, Proclamations"
"Armed Forces Day, 2025",https://www.whitehouse.gov/presidential-actions/2025/05/armed-forces-day-2025/,16-May-25,"Presidential Actions, Proclamations"
"Asian American and Pacific Islander Heritage Month, 2025",https://www.whitehouse.gov/presidential-actions/2025/05/asian-american-and-pacific-islander-heritage-month-2025/,16-May-25,"Presidential Actions, Proclamations"
"Jewish American Heritage Month, 2025",https://www.whitehouse.gov/presidential-actions/2025/05/jewish-american-heritage-month-2025/,16-May-25,"Presidential Actions, Proclamations"
Modifying Reciprocal Tariff Rates to Reflect Discussions with the People’s Republic of China,https://www.whitehouse.gov/presidential-actions/2025/05/modifying-reciprocal-tariff-rates-to-reflect-discussions-with-the-peoples-republic-of-china/,12-May-25,"Presidential Actions, Executive Orders"
"Peace Officers Memorial Day and Police Week, 2025",https://www.whitehouse.gov/presidential-actions/2025/05/peace-officers-memorial-day-and-police-week-2025/,12-May-25,"Presidential Actions, Proclamations"
Delivering Most-Favored-Nation Prescription Drug Pricing to American Patients,https://www.whitehouse.gov/presidential-actions/2025/05/delivering-most-favored-nation-prescription-drug-pricing-to-american-patients/,12-May-25,"Presidential Actions, Executive Orders"
Rescission of Useless Water Pressure Standards,https://www.whitehouse.gov/presidential-actions/2025/05/rescission-of-useless-water-pressure-standards/,09-May-25,"Presidential Actions, Presidential Memoranda"
Keeping Promises to Veterans and Establishing a National Center for Warrior Independence,https://www.whitehouse.gov/presidential-actions/2025/05/keeping-promises-to-veterans-and-establishing-a-national-center-for-warrior-independence/,09-May-25,"Presidential Actions, Executive Orders"
Protecting the Great Lakes from Invasive Carp,https://www.whitehouse.gov/presidential-actions/2025/05/protecting-the-great-lakes-from-invasive-carp/,09-May-25,"Presidential Actions, Presidential Memoranda"
Increasing Efficiency At the Office of the Federal Register,https://www.whitehouse.gov/presidential-actions/2025/05/increasing-efficiency-at-the-office-of-the-federal-register/,09-May-25,"Presidential Actions, Executive Orders"
"Military Spouse Day, 2025",https://www.whitehouse.gov/presidential-actions/2025/05/military-spouse-day-2025/,09-May-25,"Presidential Actions, Proclamations"
"Mother’s Day, 2025",https://www.whitehouse.gov/presidential-actions/2025/05/mothers-day-2025/,09-May-25,"Presidential Actions, Proclamations"
Fighting Overcriminalization in Federal Regulations,https://www.whitehouse.gov/presidential-actions/2025/05/fighting-overcriminalization-in-federal-regulations/,09-May-25,"Presidential Actions, Executive Orders"
Establishing Project Homecoming,https://www.whitehouse.gov/presidential-actions/2025/05/establishing-project-homecoming/,09-May-25,"Presidential Actions, Proclamations"
"Victory Day for World War II, 2025",https://www.whitehouse.gov/presidential-actions/2025/05/vcitory-day-for-world-war-ii-2025/,08-May-25,"Presidential Actions, Proclamations"
"National Foster Care Month, 2025",https://www.whitehouse.gov/presidential-actions/2025/05/national-foster-care-month-2025/,07-May-25,"Presidential Actions, Proclamations"
Nominations Sent to the Senate,https://www.whitehouse.gov/presidential-actions/2025/05/nominations-sent-to-the-senate-8b5f/,06-May-25,"Presidential Actions, Nominations & Appointments"
Regulatory Relief to Promote Domestic Production of Critical Medicines,https://www.whitehouse.gov/presidential-actions/2025/05/regulatory-relief-to-promote-domestic-production-of-critical-medicines/,05-May-25,"Presidential Actions, Executive Orders"
Improving the Safety and Security of Biological Research,https://www.whitehouse.gov/presidential-actions/2025/05/improving-the-safety-and-security-of-biological-research/,05-May-25,"Presidential Actions, Executive Orders"
"National Small Business Week, 2025",https://www.whitehouse.gov/presidential-actions/2025/05/national-small-business-week-2025/,05-May-25,"Presidential Actions, Proclamations"
"National Hurricane Preparedness Week, 2025",https://www.whitehouse.gov/presidential-actions/2025/05/national-hurricane-preparedness-week-2025/,05-May-25,"Presidential Actions, Proclamations"
"National Mental Health Awareness Month, 2025",https://www.whitehouse.gov/presidential-actions/2025/05/national-mental-health-awareness-month-2025/,05-May-25,"Presidential Actions, Proclamations"
"Loyalty Day and Law Day, U.S.A., 2025",https://www.whitehouse.gov/presidential-actions/2025/05/loyalty-day-and-law-day-u-s-a-2025/,01-May-25,"Presidential Actions, Proclamations"
"National Day of Prayer, 2025",https://www.whitehouse.gov/presidential-actions/2025/05/national-day-of-prayer-2025/,01-May-25,"Presidential Actions, Proclamations"
"National Fallen Firefighters Memorial Weekend, 2025",https://www.whitehouse.gov/presidential-actions/2025/05/national-fallen-firefighters-memorial-weekend-2025/,01-May-25,"Presidential Actions, Proclamations"
Ending Taxpayer Subsidization Of Biased Media,https://www.whitehouse.gov/presidential-actions/2025/05/ending-taxpayer-subsidization-of-biased-media/,01-May-25,"Presidential Actions, Executive Orders"
Establishment of the Religious Liberty Commission,https://www.whitehouse.gov/presidential-actions/2025/05/establishment-of-the-religious-liberty-commission/,01-May-25,"Presidential Actions, Executive Orders"
Addressing Certain Tariffs on Imported Articles,https://www.whitehouse.gov/presidential-actions/2025/04/addressing-certain-tariffs-on-imported-articles/,29-Apr-25,"Presidential Actions, Executive Orders"
418TH ANNIVERSARY OF THE FIRST LANDING AND THE RAISING OF THE CAPE HENRY CROSS,https://www.whitehouse.gov/presidential-actions/2025/04/418th-anniversary-of-the-first-landing-and-the-raising-of-the-cape-henry-cross/,29-Apr-25,"Presidential Actions, Proclamations"
Amendments to Adjusting Imports of Automobiles and Automobile Parts Into the United States,https://www.whitehouse.gov/presidential-actions/2025/04/amendments-to-adjusting-imports-of-automobiles-and-automobile-parts-into-the-united-states/,29-Apr-25,"Presidential Actions, Proclamations"
Strengthening and Unleashing America’s Law Enforcement to Pursue Criminals and Protect Innocent Citizens,https://www.whitehouse.gov/presidential-actions/2025/04/strengthening-and-unleashing-americas-law-enforcement-to-pursue-criminals-and-protect-innocent-citizens/,28-Apr-25,"Presidential Actions, Executive Orders"
Protecting American Communities from Criminal Aliens,https://www.whitehouse.gov/presidential-actions/2025/04/protecting-american-communities-from-criminal-aliens/,28-Apr-25,"Presidential Actions, Executive Orders"
Enforcing Commonsense Rules of the Road for America’s Truck Drivers,https://www.whitehouse.gov/presidential-actions/2025/04/enforcing-commonsense-rules-of-the-road-for-americas-truck-drivers/,28-Apr-25,"Presidential Actions, Executive Orders"
"World Intellectual Property Day, 2025",https://www.whitehouse.gov/presidential-actions/2025/04/world-intellectual-property-day-2025/,26-Apr-25,"Presidential Actions, Proclamations"
Investigation into Unlawful “Straw Donor” and Foreign Contributions in American Elections,https://www.whitehouse.gov/presidential-actions/2025/04/investigation-into-unlawful-straw-donor-and-foreign-contributions-in-american-elections/,24-Apr-25,"Presidential Actions, Presidential Memoranda"
Unleashing America’s Offshore Critical Minerals and Resources,https://www.whitehouse.gov/presidential-actions/2025/04/unleashing-americas-offshore-critical-minerals-and-resources/,24-Apr-25,"Presidential Actions, Executive Orders"
Strengthening Probationary Periods in the Federal Service,https://www.whitehouse.gov/presidential-actions/2025/04/strengthening-probationary-periods-in-the-federal-service/,24-Apr-25,"Presidential Actions, Executive Orders"
"National Volunteer Week, 2025",https://www.whitehouse.gov/presidential-actions/2025/04/national-volunteer-week-2025/,23-Apr-25,"Presidential Actions, Proclamations"
Advancing Artificial Intelligence Education for American Youth,https://www.whitehouse.gov/presidential-actions/2025/04/advancing-artificial-intelligence-education-for-american-youth/,23-Apr-25,"Presidential Actions, Executive Orders"
Restoring Equality of Opportunity and Meritocracy,https://www.whitehouse.gov/presidential-actions/2025/04/restoring-equality-of-opportunity-and-meritocracy/,23-Apr-25,"Presidential Actions, Executive Orders"
Reinstating Common Sense School Discipline Policies,https://www.whitehouse.gov/presidential-actions/2025/04/reinstating-common-sense-school-discipline-policies/,23-Apr-25,"Presidential Actions, Executive Orders"
"Days of Remembrance of Victims of the Holocaust, 2025",https://www.whitehouse.gov/presidential-actions/2025/04/days-of-remembrance-of-victims-of-the-holocaust-2025/,23-Apr-25,"Presidential Actions, Proclamations"
"National Park Week, 2025",https://www.whitehouse.gov/presidential-actions/2025/04/national-park-week-2025/,23-Apr-25,"Presidential Actions, Proclamations"
Preparing Americans for High-Paying Skilled Trade Jobs of the Future,https://www.whitehouse.gov/presidential-actions/2025/04/preparing-americans-for-high-paying-skilled-trade-jobs-of-the-future/,23-Apr-25,"Presidential Actions, Executive Orders"
White House Initiative to Promote Excellence and Innovation at Historically Black Colleges and Universities,https://www.whitehouse.gov/presidential-actions/2025/04/white-house-initiative-to-promote-excellence-and-innovation-at-historically-black-colleges-and-universities/,23-Apr-25,"Presidential Actions, Executive Orders"
Reforming Accreditation to Strengthen Higher Education,https://www.whitehouse.gov/presidential-actions/2025/04/reforming-accreditation-to-strengthen-higher-education/,23-Apr-25,"Presidential Actions, Executive Orders"
Transparency Regarding Foreign Influence at American Universities,https://www.whitehouse.gov/presidential-actions/2025/04/transparency-regarding-foreign-influence-at-american-universities/,23-Apr-25,"Presidential Actions, Executive Orders"
Honoring the Memory of His Holiness Pope Francis,https://www.whitehouse.gov/presidential-actions/2025/04/honoring-the-memory-of-his-holiness-pope-francis/,21-Apr-25,"Presidential Actions, Proclamations"
Restoring American Seafood Competitiveness,https://www.whitehouse.gov/presidential-actions/2025/04/restoring-american-seafood-competitiveness/,17-Apr-25,"Presidential Actions, Executive Orders"
250th Anniversary of the Battles of Lexington and Concord,https://www.whitehouse.gov/presidential-actions/2025/04/250th-anniversary-of-the-battles-of-lexington-and-concord/,17-Apr-25,"Presidential Actions, Proclamations"
Extension of Hiring Freeze,https://www.whitehouse.gov/presidential-actions/2025/04/extension-of-hiring-freeze/,17-Apr-25,"Presidential Actions, Presidential Memoranda"
Unleashing American Commercial Fishing in the Pacific,https://www.whitehouse.gov/presidential-actions/2025/04/unleashing-american-commercial-fishing-in-the-pacific/,17-Apr-25,"Presidential Actions, Proclamations"
"Ensuring Commercial, Cost-Effective Solutions in Federal Contracts",https://www.whitehouse.gov/presidential-actions/2025/04/ensuring-commercial-cost-effective-solutions-in-federal-contracts/,16-Apr-25,"Presidential Actions, Executive Orders"
Restoring Common Sense to Federal Office Space Management,https://www.whitehouse.gov/presidential-actions/2025/04/restoring-common-sense-to-federal-office-space-management/,15-Apr-25,"Presidential Actions, Executive Orders"
Ensuring National Security and Economic Resilience Through Section 232 Actions on Processed Critical Minerals and Derivative Products,https://www.whitehouse.gov/presidential-actions/2025/04/ensuring-national-security-and-economic-resilience-through-section-232-actions-on-processed-critical-minerals-and-derivative-products/,15-Apr-25,"Presidential Actions, Executive Orders"
Lowering Drug Prices by Once Again Putting Americans First,https://www.whitehouse.gov/presidential-actions/2025/04/lowering-drug-prices-by-once-again-putting-americans-first/,15-Apr-25,"Presidential Actions, Executive Orders"
Restoring Common Sense to Federal Procurement,https://www.whitehouse.gov/presidential-actions/2025/04/restoring-common-sense-to-federal-procurement/,15-Apr-25,"Presidential Actions, Executive Orders"
Preventing Illegal Aliens from Obtaining Social Security Act Benefits,https://www.whitehouse.gov/presidential-actions/2025/04/preventing-illegal-aliens-from-obtaining-social-security-act-benefits/,15-Apr-25,"Presidential Actions, Presidential Memoranda"
Updating Permitting Technology for the 21st Century,https://www.whitehouse.gov/presidential-actions/2025/04/updating-permitting-technology-for-the-21st-century/,15-Apr-25,"Presidential Actions, Presidential Memoranda"
Military Mission for Sealing the Southern Border of the United States and Repelling Invasions,https://www.whitehouse.gov/presidential-actions/2025/04/military-mission-for-sealing-the-southern-border-of-the-united-states-and-repelling-invasions/,11-Apr-25,"Presidential Actions, Presidential Memoranda"
"Clarification of Exceptions Under Executive Order 14257 of April 2, 2025, as Amended",https://www.whitehouse.gov/presidential-actions/2025/04/clarification-of-exceptions-under-executive-order-14257-of-april-2-2025-as-amended/,11-Apr-25,"Presidential Actions, Presidential Memoranda"
Modifying Reciprocal Tariff Rates to Reflect Trading Partner Retaliation and Alignment,https://www.whitehouse.gov/presidential-actions/2025/04/modifying-reciprocal-tariff-rates-to-reflect-trading-partner-retaliation-and-alignment/,09-Apr-25,"Presidential Actions, Executive Orders"
Addressing Risks Associated with an Egregious Leaker and Disseminator of Falsehoods,https://www.whitehouse.gov/presidential-actions/2025/04/addressing-risks-associated-with-an-egregious-leaker-and-disseminator-of-falsehoods/,09-Apr-25,"Presidential Actions, Presidential Memoranda"
Addressing Risks from Chris Krebs and Government Censorship,https://www.whitehouse.gov/presidential-actions/2025/04/addressing-risks-from-chris-krebs-and-government-censorship/,09-Apr-25,"Presidential Actions, Presidential Memoranda"
Addressing Risks from Susman Godfrey,https://www.whitehouse.gov/presidential-actions/2025/04/addressing-risks-from-susman-godfrey/,09-Apr-25,"Presidential Actions, Executive Orders"
Modernizing Defense Acquisitions and Spurring Innovation in the Defense Industrial Base,https://www.whitehouse.gov/presidential-actions/2025/04/modernizing-defense-acquisitions-and-spurring-innovation-in-the-defense-industrial-base/,09-Apr-25,"Presidential Actions, Executive Orders"
Restoring America’s Maritime Dominance,https://www.whitehouse.gov/presidential-actions/2025/04/restoring-americas-maritime-dominance/,09-Apr-25,"Presidential Actions, Executive Orders"
Directing the Repeal of Unlawful Regulations,https://www.whitehouse.gov/presidential-actions/2025/04/directing-the-repeal-of-unlawful-regulations/,09-Apr-25,"Presidential Actions, Presidential Memoranda"
Reducing Anti-Competitive Regulatory Barriers,https://www.whitehouse.gov/presidential-actions/2025/04/reducing-anti-competitive-regulatory-barriers/,09-Apr-25,"Presidential Actions, Executive Orders"
Zero-Based Regulatory Budgeting to Unleash American Energy,https://www.whitehouse.gov/presidential-actions/2025/04/zero-based-regulatory-budgeting-to-unleash-american-energy/,09-Apr-25,"Presidential Actions, Executive Orders"
Reforming Foreign Defense Sales to Improve Speed and Accountability,https://www.whitehouse.gov/presidential-actions/2025/04/reforming-foreign-defense-sales-to-improve-speed-and-accountability/,09-Apr-25,"Presidential Actions, Executive Orders"
Maintaining Acceptable Water Pressure in Showerheads,https://www.whitehouse.gov/presidential-actions/2025/04/maintaining-acceptable-water-pressure-in-showerheads/,09-Apr-25,"Presidential Actions, Executive Orders"
"Education and Sharing Day, U.S.A., 2025",https://www.whitehouse.gov/presidential-actions/2025/04/education-and-sharing-day-u-s-a-2025/,09-Apr-25,"Presidential Actions, Proclamations"
"National Former Prisoner of War Recognition Day, 2025",https://www.whitehouse.gov/presidential-actions/2025/04/national-former-prisoner-of-war-recognition-day-2025/,09-Apr-25,"Presidential Actions, Proclamations"
"National Crime Victims’ Rights Week, 2025",https://www.whitehouse.gov/presidential-actions/2025/04/national-crime-victims-rights-week-2025/,09-Apr-25,"Presidential Actions, Proclamations"
Amendment to Reciprocal Tariffs and Updated Duties as Applied to Low-Value Imports from the People’s Republic of China,https://www.whitehouse.gov/presidential-actions/2025/04/amendment-to-recipricol-tariffs-and-updated-duties-as-applied-to-low-value-imports-from-the-peoples-republic-of-china/,08-Apr-25,"Presidential Actions, Executive Orders"
Reinvigorating America’s Beautiful Clean Coal Industry and Amending Executive Order 14241,https://www.whitehouse.gov/presidential-actions/2025/04/reinvigorating-americas-beautiful-clean-coal-industry-and-amending-executive-order-14241/,08-Apr-25,"Presidential Actions, Executive Orders"
Regulatory Relief for Certain Stationary Sources to Promote American Energy,https://www.whitehouse.gov/presidential-actions/2025/04/rregulatory-relief-for-certain-stationary-sources-to-promote-american-energy/,08-Apr-25,"Presidential Actions, Proclamations"
Protecting American Energy From State Overreach,https://www.whitehouse.gov/presidential-actions/2025/04/protecting-american-energy-from-state-overreach/,08-Apr-25,"Presidential Actions, Executive Orders"
Strengthening the Reliability and Security of the United States Electric Grid,https://www.whitehouse.gov/presidential-actions/2025/04/strengthening-the-reliability-and-security-of-the-united-states-electric-grid/,08-Apr-25,"Presidential Actions, Executive Orders"
Review of Proposed United States Steel Corporation Acquisition,https://www.whitehouse.gov/presidential-actions/2025/04/review-of-proposed-united-states-steel-corporation-acquisition/,07-Apr-25,"Presidential Actions, Presidential Memoranda"
Extending the TikTok Enforcement Delay,https://www.whitehouse.gov/presidential-actions/2025/04/extending-the-tiktok-enforcement-delay/,04-Apr-25,"Presidential Actions, Executive Orders"
"National Donate Life Month, 2025",https://www.whitehouse.gov/presidential-actions/2025/04/national-donate-life-month-2025/,03-Apr-25,"Presidential Actions, Proclamations"
"National Child Abuse Prevention Month, 2025",https://www.whitehouse.gov/presidential-actions/2025/04/national-child-abuse-prevention-month-2025/,03-Apr-25,"Presidential Actions, Proclamations"
"Cancer Control Month, 2025",https://www.whitehouse.gov/presidential-actions/2025/04/cancer-control-month-2025/,03-Apr-25,"Presidential Actions, Proclamations"
"National Sexual Assault Awareness and Prevention Month, 2025",https://www.whitehouse.gov/presidential-actions/2025/04/national-sexual-assault-awareness-and-prevention-month-2025/,03-Apr-25,"Presidential Actions, Proclamations"
Further Amendment to Duties Addressing the Synthetic Opioid Supply Chain in the People’s Republic of China as Applied to Low-Value Imports,https://www.whitehouse.gov/presidential-actions/2025/04/further-amendment-to-duties-addressing-the-synthetic-opioid-supply-chain-in-the-peoples-republic-of-china-as-applied-to-low-value-imports/,02-Apr-25,"Presidential Actions, Executive Orders"
Regulating Imports with a Reciprocal Tariff to Rectify Trade Practices that Contribute to Large and Persistent Annual United States Goods Trade Deficits,https://www.whitehouse.gov/presidential-actions/2025/04/regulating-imports-with-a-reciprocal-tariff-to-rectify-trade-practices-that-contribute-to-large-and-persistent-annual-united-states-goods-trade-deficits/,02-Apr-25,"Presidential Actions, Executive Orders"
"World Autism Awareness Day, 2025",https://www.whitehouse.gov/presidential-actions/2025/04/world-autism-awareness-day-2025/,02-Apr-25,"Presidential Actions, Proclamations"
Nominations Sent to the Senate,https://www.whitehouse.gov/presidential-actions/2025/04/nominations-sent-to-the-senate-8f2a/,01-Apr-25,"Presidential Actions, Nominations & Appointments"
Combating Unfair Practices in the Live Entertainment Market,https://www.whitehouse.gov/presidential-actions/2025/03/combating-unfair-practices-in-the-live-entertainment-market/,31-Mar-25,"Presidential Actions, Executive Orders"
Establishing the United States Investment Accelerator,https://www.whitehouse.gov/presidential-actions/2025/03/establishing-the-united-states-investment-accelerator/,31-Mar-25,"Presidential Actions, Executive Orders"
Making the District of Columbia Safe and Beautiful,https://www.whitehouse.gov/presidential-actions/2025/03/making-the-district-of-columbia-safe-and-beautiful/,28-Mar-25,"Presidential Actions, Executive Orders"
Exclusions from Federal Labor-Management Relations Programs,https://www.whitehouse.gov/presidential-actions/2025/03/exclusions-from-federal-labor-management-relations-programs/,27-Mar-25,"Presidential Actions, Executive Orders"
Restoring Truth and Sanity to American History,https://www.whitehouse.gov/presidential-actions/2025/03/restoring-truth-and-sanity-to-american-history/,27-Mar-25,"Presidential Actions, Executive Orders"
Addressing Risks From WilmerHale,https://www.whitehouse.gov/presidential-actions/2025/03/addressing-risks-from-wilmerhale/,27-Mar-25,"Presidential Actions, Executive Orders"
Adjusting Imports of Automobiles and Automobile Parts into the United States,https://www.whitehouse.gov/presidential-actions/2025/03/adjusting-imports-of-automobiles-and-autombile-parts-into-the-united-states/,26-Mar-25,"Presidential Actions, Proclamations"
Executive Grant of Clemency for Devon Archer,https://www.whitehouse.gov/presidential-actions/2025/03/executive-grant-of-clemency-for-devon-archer/,26-Mar-25,"Presidential Actions, Executive Orders"
Addressing Risks from Jenner & Block,https://www.whitehouse.gov/presidential-actions/2025/03/addressing-risks-from-jenner-block/,25-Mar-25,"Presidential Actions, Executive Orders"
Preserving and Protecting the Integrity of American Elections,https://www.whitehouse.gov/presidential-actions/2025/03/preserving-and-protecting-the-integrity-of-american-elections/,25-Mar-25,"Presidential Actions, Executive Orders"
"Protecting America’s Bank Account Against Fraud, Waste, and Abuse",https://www.whitehouse.gov/presidential-actions/2025/03/protecting-americas-bank-account-against-fraud-waste-and-abuse/,25-Mar-25,"Presidential Actions, Executive Orders"
Immediate Declassification of Materials Related to the Federal Bureau of Investigation’s Crossfire Hurricane Investigation,https://www.whitehouse.gov/presidential-actions/2025/03/immediate-declassification-of-materials-related-to-the-federal-bureau-of-investigations-crossfire-hurricane-investigation/,25-Mar-25,"Presidential Actions, Presidential Memoranda"
Modernizing Payments To and From America’s Bank Account,https://www.whitehouse.gov/presidential-actions/2025/03/modernizing-payments-to-and-from-americas-bank-account/,25-Mar-25,"Presidential Actions, Executive Orders"
Imposing Tariffs on Countries Importing Venezuelan Oil,https://www.whitehouse.gov/presidential-actions/2025/03/imposing-tariffs-on-countries-importing-venezuelan-oil/,24-Mar-25,"Presidential Actions, Executive Orders"
"Greek Independence Day: A National Day of Celebration of Greek and American Democracy, 2025",https://www.whitehouse.gov/presidential-actions/2025/03/greek-independence-day-a-national-day-of-celebration-of-greek-and-american-democracy-2025/,24-Mar-25,"Presidential Actions, Proclamations"
Preventing Abuses of the Legal System and the Federal Court,https://www.whitehouse.gov/presidential-actions/2025/03/preventing-abuses-of-the-legal-system-and-the-federal-court/,22-Mar-25,"Presidential Actions, Presidential Memoranda"
Rescinding Security Clearances and Access to Classified Information from Specified Individuals,https://www.whitehouse.gov/presidential-actions/2025/03/rescinding-security-clearances-and-access-to-classified-information-from-specified-individuals/,22-Mar-25,"Presidential Actions, Presidential Memoranda"
ADDRESSING REMEDIAL ACTION BY PAUL WEISS,https://www.whitehouse.gov/presidential-actions/2025/03/addressing-remedial-action-by-paul-weiss/,21-Mar-25,"Presidential Actions, Executive Orders"
"Stopping Waste, Fraud, and Abuse by Eliminating Information Silos",https://www.whitehouse.gov/presidential-actions/2025/03/stopping-waste-fraud-and-abuse-by-eliminating-information-silos/,20-Mar-25,"Presidential Actions, Executive Orders"
Strengthening the Suitability and Fitness of the Federal Workforce,https://www.whitehouse.gov/presidential-actions/2025/03/strengthening-the-suitability-and-fitness-of-the-federal-workforce/,20-Mar-25,"Presidential Actions, Presidential Memoranda"
Eliminating Waste and Saving Taxpayer Dollars by Consolidating Procurement,https://www.whitehouse.gov/presidential-actions/2025/03/eliminating-waste-and-saving-taxpayer-dollars-by-consolidating-procurement/,20-Mar-25,"Presidential Actions, Executive Orders"
Immediate Measures to Increase American Mineral Production,https://www.whitehouse.gov/presidential-actions/2025/03/immediate-measures-to-increase-american-mineral-production/,20-Mar-25,"Presidential Actions, Executive Orders"
"Improving Education Outcomes by Empowering Parents, States, and Communities",https://www.whitehouse.gov/presidential-actions/2025/03/improving-education-outcomes-by-empowering-parents-states-and-communities/,20-Mar-25,"Presidential Actions, Executive Orders"
Removing Discrimination and Discriminatory Equity Ideology From the Foreign Service,https://www.whitehouse.gov/presidential-actions/2025/03/removing-discrimination-and-discriminatory-equity-ideology-from-the-foreign-service/,19-Mar-25,Presidential Actions
Achieving Efficiency Through State and Local Preparedness,https://www.whitehouse.gov/presidential-actions/2025/03/achieving-efficiency-through-state-and-local-preparedness/,19-Mar-25,"Presidential Actions, Executive Orders"
Invocation of the Alien Enemies Act Regarding the Invasion of The United States by Tren De Aragua,https://www.whitehouse.gov/presidential-actions/2025/03/invocation-of-the-alien-enemies-act-regarding-the-invasion-of-the-united-states-by-tren-de-aragua/,15-Mar-25,Presidential Actions
Continuing the Reduction of the Federal Bureaucracy,https://www.whitehouse.gov/presidential-actions/2025/03/continuing-the-reduction-of-the-federal-bureaucracy/,14-Mar-25,Presidential Actions
Addressing Risks from Paul Weiss,https://www.whitehouse.gov/presidential-actions/2025/03/addressing-risks-from-paul-weiss/,14-Mar-25,Presidential Actions
Additional Recissions of Harmful Executive Orders and Actions,https://www.whitehouse.gov/presidential-actions/2025/03/additional-recissions-of-harmful-executive-orders-and-actions/,14-Mar-25,Presidential Actions
Ensuring the Enforcement of Federal Rule of Civil Procedure 65(c),https://www.whitehouse.gov/presidential-actions/2025/03/ensuring-the-enforcement-of-federal-rule-of-civil-procedure-65c/,11-Mar-25,Presidential Actions
Nominations Sent to the Senate,https://www.whitehouse.gov/presidential-actions/2025/03/nominations-sent-to-the-senate-8355/,11-Mar-25,Presidential Actions
"U.S. Hostage and Wrongful Detainee Day, 2025",https://www.whitehouse.gov/presidential-actions/2025/03/u-s-hostage-and-wrongful-detainee-day-2025/,09-Mar-25,Presidential Actions
Restoring Public Service Loan Forgiveness,https://www.whitehouse.gov/presidential-actions/2025/03/restoring-public-service-loan-forgiveness/,07-Mar-25,Presidential Actions
Establishing The White House Task Force on the FIFA World Cup 2026,https://www.whitehouse.gov/presidential-actions/2025/03/establishing-the-white-house-task-force-on-the-fifa-world-cup-2026/,07-Mar-25,Presidential Actions
Establishment of the Strategic Bitcoin Reserve and United States Digital Asset Stockpile,https://www.whitehouse.gov/presidential-actions/2025/03/establishment-of-the-strategic-bitcoin-reserve-and-united-states-digital-asset-stockpile/,06-Mar-25,Presidential Actions
Amendment to Duties to Address the Flow of Illicit Drugs Across Our Southern Border,https://www.whitehouse.gov/presidential-actions/2025/03/amendment-to-duties-to-address-the-flow-of-illicit-drugs-across-our-southern-border/,06-Mar-25,Presidential Actions
Addressing Risks from Perkins Coie LLP,https://www.whitehouse.gov/presidential-actions/2025/03/addressing-risks-from-perkins-coie-llp/,06-Mar-25,Presidential Actions
Amendment to Duties to Address the Flow of Illicit Drugs Across Our Northern Border,https://www.whitehouse.gov/presidential-actions/2025/03/amendment-to-duties-to-address-the-flow-of-illicit-drugs-across-our-northern-border-0c3c/,06-Mar-25,Presidential Actions
Honoring Jocelyn Nungaray,https://www.whitehouse.gov/presidential-actions/2025/03/honoring-jocelyn-nungaray/,05-Mar-25,Presidential Actions
Further Amendment to Duties Addressing the Synthetic Opioid Supply Chain in the People’s Republic of China,https://www.whitehouse.gov/presidential-actions/2025/03/further-amendment-to-duties-addressing-the-synthetic-opioid-supply-chain-in-the-peoples-republic-of-china/,03-Mar-25,Presidential Actions
Amendment to Duties to Address the Situation at our Southern Border,https://www.whitehouse.gov/presidential-actions/2025/03/amendment-to-duties-to-address-the-situation-at-our-southern-border/,02-Mar-25,Presidential Actions
Amendment to Duties to Address the Flow of Illicit Drugs across our Northern Border,https://www.whitehouse.gov/presidential-actions/2025/03/amendment-to-duties-to-address-the-flow-of-illicit-drugs-across-our-northern-border/,02-Mar-25,Presidential Actions
"Addressing the Threat to National Security from Imports of Timber, Lumber",https://www.whitehouse.gov/presidential-actions/2025/03/addressing-the-threat-to-national-security-from-imports-of-timber-lumber/,01-Mar-25,Presidential Actions
Immediate Expansion of American Timber Production,https://www.whitehouse.gov/presidential-actions/2025/03/immediate-expansion-of-american-timber-production/,01-Mar-25,Presidential Actions
Designating English as the Official Language of The United States,https://www.whitehouse.gov/presidential-actions/2025/03/designating-english-as-the-official-language-of-the-united-states/,01-Mar-25,Presidential Actions
Implementing the President’s “Department of Government Efficiency” Cost Efficiency Initiative,https://www.whitehouse.gov/presidential-actions/2025/02/implementing-the-presidents-department-of-government-efficiency-cost-efficiency-initiative/,26-Feb-25,Presidential Actions
"Making America Healthy Again by Empowering Patients with Clear, Accurate, and Actionable Healthcare Pricing Information",https://www.whitehouse.gov/presidential-actions/2025/02/making-america-healthy-again-by-empowering-patients-with-clear-accurate-and-actionable-healthcare-pricing-information/,25-Feb-25,Presidential Actions
Suspension of Security Clearances and Evaluation of Government Contracts,https://www.whitehouse.gov/presidential-actions/2025/02/suspension-of-security-clearances-and-evaluation-of-government-contracts/,25-Feb-25,Presidential Actions
Addressing the Threat to National Security from Imports of Copper,https://www.whitehouse.gov/presidential-actions/2025/02/addressing-the-threat-to-nationalsecurity-from-imports-of-copper/,25-Feb-25,Presidential Actions
President Trump Takes Decisive Action to Deliver Relief to Kentucky,https://www.whitehouse.gov/presidential-actions/2025/02/president-trump-takes-decisive-action-to-deliver-relief-to-kentucky/,25-Feb-25,Presidential Actions
America First Investment Policy,https://www.whitehouse.gov/presidential-actions/2025/02/america-first-investment-policy/,21-Feb-25,Presidential Actions
Defending American Companies and Innovators From Overseas Extortion and Unfair Fines and Penalties,https://www.whitehouse.gov/presidential-actions/2025/02/defending-american-companies-and-innovators-from-overseas-extortion-and-unfair-fines-and-penalties/,21-Feb-25,Presidential Actions
Commencing the Reduction of the Federal Bureaucracy,https://www.whitehouse.gov/presidential-actions/2025/02/commencing-the-reduction-of-the-federal-bureaucracy/,19-Feb-25,Presidential Actions
Ensuring Lawful Governance and Implementing the President’s “Department of Government Efficiency” Regulatory Initiative,https://www.whitehouse.gov/presidential-actions/2025/02/ensuring-lawful-governance-and-implementing-the-presidents-department-of-government-efficiency-regulatory-initiative/,19-Feb-25,Presidential Actions
80th Anniversary of the Battle of Iwo Jima,https://www.whitehouse.gov/presidential-actions/2025/02/80th-anniversary-of-the-battle-of-iwo-jima/,19-Feb-25,Presidential Actions
President Trump Announces Appointments to the Council of Governors,https://www.whitehouse.gov/presidential-actions/2025/02/president-trump-announces-appointments-to-the-council-of-governors/,19-Feb-25,Presidential Actions
Ending Taxpayer Subsidization of Open Borders,https://www.whitehouse.gov/presidential-actions/2025/02/ending-taxpayer-subsidization-of-open-borders/,19-Feb-25,Presidential Actions
Ensuring Accountability for All Agencies,https://www.whitehouse.gov/presidential-actions/2025/02/ensuring-accountability-for-all-agencies/,18-Feb-25,Presidential Actions
Expanding Access to In Vitro Fertilization,https://www.whitehouse.gov/presidential-actions/2025/02/expanding-access-to-in-vitro-fertilization/,18-Feb-25,Presidential Actions
Radical Transparency About Wasteful Spending,https://www.whitehouse.gov/presidential-actions/2025/02/radical-transparency-about-wasteful-spending/,18-Feb-25,Presidential Actions
"President George Washington’s Birthday, 2025",https://www.whitehouse.gov/presidential-actions/2025/02/president-george-washingtons-birthday-2025/,17-Feb-25,Presidential Actions
President Donald J. Trump Approves Kentucky Emergency Declaration,https://www.whitehouse.gov/presidential-actions/2025/02/president-donald-j-trump-approves-kentucky-emergency-declaration/,16-Feb-25,Presidential Actions
Keeping Education Accessible and Ending Covid-19 Vaccine Mandates in Schools,https://www.whitehouse.gov/presidential-actions/2025/02/keeping-education-accessible-and-ending-covid-19-vaccine-mandates-in-schools/,15-Feb-25,Presidential Actions
Establishing the National Energy Dominance Council,https://www.whitehouse.gov/presidential-actions/2025/02/establishing-the-national-energy-dominance-council/,14-Feb-25,"Presidential Actions, Executive Orders"
Establishing the President’s Make America Healthy Again Commission,https://www.whitehouse.gov/presidential-actions/2025/02/establishing-the-presidents-make-america-healthy-again-commission/,13-Feb-25,Presidential Actions
One Voice for America’s Foreign Relations,https://www.whitehouse.gov/presidential-actions/2025/02/one-voice-for-americas-foreign-relations/,12-Feb-25,Presidential Actions
Nominations Sent to the Senate,https://www.whitehouse.gov/presidential-actions/2025/02/nominations-sent-to-the-senate/,12-Feb-25,Presidential Actions
Adjusting Imports of Aluminum into The United States,https://www.whitehouse.gov/presidential-actions/2025/02/adjusting-imports-of-aluminum-into-the-united-states/,11-Feb-25,Presidential Actions
President Trump Announces the President’s Intelligence Advisory Board,https://www.whitehouse.gov/presidential-actions/2025/02/president-trump-announces-the-presidents-intelligence-advisory-board/,11-Feb-25,Presidential Actions
Implementing The President’s “Department of Government Efficiency” Workforce Optimization Initiative,https://www.whitehouse.gov/presidential-actions/2025/02/implementing-the-presidents-department-of-government-efficiency-workforce-optimization-initiative/,11-Feb-25,Presidential Actions
Adjusting Imports of Steel into The United States,https://www.whitehouse.gov/presidential-actions/2025/02/adjusting-imports-of-steel-into-the-united-states/,10-Feb-25,Presidential Actions
Pausing Foreign Corrupt Practices Act Enforcement to Further American Economic and National Security,https://www.whitehouse.gov/presidential-actions/2025/02/pausing-foreign-corrupt-practices-act-enforcement-to-further-american-economic-and-national-security/,10-Feb-25,Presidential Actions
Eliminating the Federal Executive Institute,https://www.whitehouse.gov/presidential-actions/2025/02/eliminating-the-federal-executive-institute/,10-Feb-25,Presidential Actions
Ending Procurement and Forced Use of Paper Straws,https://www.whitehouse.gov/presidential-actions/2025/02/ending-procurement-and-forced-use-of-paper-straws/,10-Feb-25,Presidential Actions
"Gulf of America Day, 2025",https://www.whitehouse.gov/presidential-actions/2025/02/gulf-of-america-day-2025/,09-Feb-25,Presidential Actions
Addressing Egregious Actions of The Republic of South Africa,https://www.whitehouse.gov/presidential-actions/2025/02/addressing-egregious-actions-of-the-republic-of-south-africa/,07-Feb-25,Presidential Actions
Protecting Second Amendment Rights,https://www.whitehouse.gov/presidential-actions/2025/02/protecting-second-amendment-rights/,07-Feb-25,Presidential Actions
Establishment of The White House Faith Office,https://www.whitehouse.gov/presidential-actions/2025/02/establishment-of-the-white-house-faith-office/,07-Feb-25,Presidential Actions
President Trump Announces Appointments to the White House Faith Office,https://www.whitehouse.gov/presidential-actions/2025/02/president-trump-announces-appointments-to-the-white-house-faith-office/,07-Feb-25,Presidential Actions
Imposing Sanctions on the International Criminal Court,https://www.whitehouse.gov/presidential-actions/2025/02/imposing-sanctions-on-the-international-criminal-court/,06-Feb-25,Presidential Actions
Eradicating Anti-Christian Bias,https://www.whitehouse.gov/presidential-actions/2025/02/eradicating-anti-christian-bias/,06-Feb-25,Presidential Actions
Memorandum for the Heads of Executive Departments and Agencies,https://www.whitehouse.gov/presidential-actions/2025/02/memorandum-for-the-heads-of-executive-departments-and-agencies/,06-Feb-25,Presidential Actions
Keeping Men Out of Women’s Sports,https://www.whitehouse.gov/presidential-actions/2025/02/keeping-men-out-of-womens-sports/,05-Feb-25,Presidential Actions
Amendment to Duties Addressing the Synthetic Opioid Supply Chain in the People’s Republic of China,https://www.whitehouse.gov/presidential-actions/2025/02/amendment-to-duties-addressing-the-synthetic-opioid-supply-chain-in-the-peoples-republic-of-china/,05-Feb-25,Presidential Actions
Withdrawing the United States from and Ending Funding to Certain United Nations Organizations and Reviewing United States Support to All International Organizations,https://www.whitehouse.gov/presidential-actions/2025/02/withdrawing-the-united-states-from-and-ending-funding-to-certain-united-nations-organizations-and-reviewing-united-states-support-to-all-international-organizations/,04-Feb-25,Presidential Actions
National Security Presidential Memorandum/NSPM-2,https://www.whitehouse.gov/presidential-actions/2025/02/national-security-presidential-memorandum-nspm-2/,04-Feb-25,Presidential Actions
Progress on the Situation at Our Northern Border,https://www.whitehouse.gov/presidential-actions/2025/02/progress-on-the-situation-at-our-northern-border/,03-Feb-25,Presidential Actions
A Plan for Establishing a United States Sovereign Wealth Fund,https://www.whitehouse.gov/presidential-actions/2025/02/a-plan-for-establishing-a-united-states-sovereign-wealth-fund/,03-Feb-25,Presidential Actions
Progress on the Situation at Our Southern Border,https://www.whitehouse.gov/presidential-actions/2025/02/progress-on-the-situation-at-our-southern-border/,03-Feb-25,Presidential Actions
"Career and Technical Education Month, 2025",https://www.whitehouse.gov/presidential-actions/2025/02/career-and-technical-education-month-2025/,03-Feb-25,Presidential Actions
"American Heart Month, 2025",https://www.whitehouse.gov/presidential-actions/2025/02/american-heart-month-2025/,03-Feb-25,Presidential Actions
Imposing Duties to Address the Flow of Illicit Drugs Across Our Northern Border,https://www.whitehouse.gov/presidential-actions/2025/02/imposing-duties-to-address-the-flow-of-illicit-drugs-across-our-national-border/,01-Feb-25,Presidential Actions
Imposing Duties to Address the Synthetic Opioid Supply Chain in the People’s Republic of China,https://www.whitehouse.gov/presidential-actions/2025/02/imposing-duties-to-address-the-synthetic-opioid-supply-chain-in-the-peoples-republic-of-china/,01-Feb-25,Presidential Actions
Imposing Duties to Address the Situation at Our Southern Border,https://www.whitehouse.gov/presidential-actions/2025/02/imposing-duties-to-address-the-situation-at-our-southern-border/,01-Feb-25,Presidential Actions
Limiting Lame-Duck Collective Bargaining Agreements That Improperly Attempt to Constrain the New President,https://www.whitehouse.gov/presidential-actions/2025/01/limiting-lame-duck-collective-bargaining-agreements-that-improperly-attempt-to-constrain-the-new-president/,31-Jan-25,Presidential Actions
Unleashing Prosperity Through Deregulation,https://www.whitehouse.gov/presidential-actions/2025/01/unleashing-prosperity-through-deregulation/,31-Jan-25,Presidential Actions
Immediate Assessment of Aviation Safety,https://www.whitehouse.gov/presidential-actions/2025/01/immediate-assessment-of-aviation-safety/,30-Jan-25,Presidential Actions
Additional Measures to Combat Anti-Semitism,https://www.whitehouse.gov/presidential-actions/2025/01/additional-measures-to-combat-anti-semitism/,29-Jan-25,Presidential Actions
President Donald J. Trump Signed S.5 into Law,https://www.whitehouse.gov/presidential-actions/2025/01/president-donald-j-trump-signed-s-5-into-law/,29-Jan-25,Presidential Actions
Expanding Migrant Operations Center at Naval Station Guantanamo Bay to Full Capacity,https://www.whitehouse.gov/presidential-actions/2025/01/expanding-migrant-operations-center-at-naval-station-guantanamo-bay-to-full-capacity/,29-Jan-25,Presidential Actions
Celebrating America’s 250th Birthday,https://www.whitehouse.gov/presidential-actions/2025/01/celebrating-americas-250th-birthday/,29-Jan-25,Presidential Actions
Ending Radical Indoctrination in K-12 Schooling,https://www.whitehouse.gov/presidential-actions/2025/01/ending-radical-indoctrination-in-k-12-schooling/,29-Jan-25,Presidential Actions
Expanding Educational Freedom and Opportunity for Families,https://www.whitehouse.gov/presidential-actions/2025/01/expanding-educational-freedom-and-opportunity-for-families/,29-Jan-25,Presidential Actions
Protecting Children from Chemical and Surgical Mutilation,https://www.whitehouse.gov/presidential-actions/2025/01/protecting-children-from-chemical-and-surgical-mutilation/,28-Jan-25,Presidential Actions
Reinstating Service Members Discharged Under the Military’s COVID-19 Vaccination Mandate,https://www.whitehouse.gov/presidential-actions/2025/01/reinstating-service-members-discharged-under-the-militarys-covid-19-vaccination-mandate/,27-Jan-25,Presidential Actions
Restoring America’s Fighting Force,https://www.whitehouse.gov/presidential-actions/2025/01/restoring-americas-fighting-force/,27-Jan-25,Presidential Actions
Prioritizing Military Excellence and Readiness,https://www.whitehouse.gov/presidential-actions/2025/01/prioritizing-military-excellence-and-readiness/,27-Jan-25,Presidential Actions
The Iron Dome for America,https://www.whitehouse.gov/presidential-actions/2025/01/the-iron-dome-for-america/,27-Jan-25,Presidential Actions
"The National Day of Remembrance of the 80th Anniversary of the Liberation of Auschwitz, 2025",https://www.whitehouse.gov/presidential-actions/2025/01/the-national-day-of-remembrance-of-the-80th-anniversary-of-the-liberation-of-auschwitz-2025/,27-Jan-25,Presidential Actions
"Memorandum for the Secretary of State, the Secretary of Defense, the Secretary of Health and Human Services, the Administrator of the United States for International Development",https://www.whitehouse.gov/presidential-actions/2025/01/memorandum-for-the-secretary-of-state-the-secretary-of-defense-the-secretary-of-health-and-human-services-the-administrator-of-the-united-states-for-international-development/,24-Jan-25,Presidential Actions
Enforcing the Hyde Amendment,https://www.whitehouse.gov/presidential-actions/2025/01/enforcing-the-hyde-amendment/,24-Jan-25,Presidential Actions
Emergency Measures to Provide Water Resources in California and Improve Disaster Response in Certain Areas,https://www.whitehouse.gov/presidential-actions/2025/01/emergency-measures-to-provide-water-resources-in-california-and-improve-disaster-response-in-certain-areas/,24-Jan-25,Presidential Actions
Council to Assess the Federal Emergency Management Agency,https://www.whitehouse.gov/presidential-actions/2025/01/council-to-assess-the-federal-emergency-management-agency/,24-Jan-25,Presidential Actions
The First 100 Hours: Historic Action to Kick off America’s Golden Age,https://www.whitehouse.gov/presidential-actions/2025/01/the-first-100-hours-historic-action-to-kick-off-americas-golden-age/,24-Jan-25,Presidential Actions
Removing Barriers to American Leadership in Artificial Intelligence,https://www.whitehouse.gov/presidential-actions/2025/01/removing-barriers-to-american-leadership-in-artificial-intelligence/,23-Jan-25,Presidential Actions
President’s Council of Advisors on Science and Technology,https://www.whitehouse.gov/presidential-actions/2025/01/presidents-council-of-advisors-on-science-and-technology/,23-Jan-25,Presidential Actions
"Declassification of Records Concerning the Assassinations of President John F. Kennedy, Senator Robert F. Kennedy, and the Reverend Dr. Martin Luther King, Jr.",https://www.whitehouse.gov/presidential-actions/2025/01/declassification-of-records-concerning-the-assassinations-of-president-john-f-kennedy/,23-Jan-25,Presidential Actions
Strengthening American Leadership in Digital Financial Technology,https://www.whitehouse.gov/presidential-actions/2025/01/strengthening-american-leadership-in-digital-financial-technology/,23-Jan-25,Presidential Actions
Federal Recognition of the Lumbee Tribe of North Carolina,https://www.whitehouse.gov/presidential-actions/2025/01/federal-recognition-of-the-lumbee-tribe-of-north-carolina/,23-Jan-25,Presidential Actions
Executive Grant of Clemency for Terence Sutton,https://www.whitehouse.gov/presidential-actions/2025/01/executive-grant-of-clemency-for-terence-sutton/,22-Jan-25,Presidential Actions
Designation Of Ansar Allah as a Foreign Terrorist Organization,https://www.whitehouse.gov/presidential-actions/2025/01/designation-of-ansar-allah-as-a-foreign-terrorist-organization/,22-Jan-25,Presidential Actions
Executive Grant of Clemency for Andrew Zabavsky,https://www.whitehouse.gov/presidential-actions/2025/01/executive-grant-of-clemency-for-andrew-zabavsky/,22-Jan-25,Presidential Actions
Nominations Transmitted to the Senate,https://www.whitehouse.gov/presidential-actions/2025/01/nominations-transmitted-to-the-senate/,22-Jan-25,Presidential Actions
Ending Illegal Discrimination And Restoring Merit-Based Opportunity,https://www.whitehouse.gov/presidential-actions/2025/01/ending-illegal-discrimination-and-restoring-merit-based-opportunity/,21-Jan-25,Presidential Actions
Keeping Americans Safe in Aviation,https://www.whitehouse.gov/presidential-actions/2025/01/keeping-americans-safe-in-aviation/,21-Jan-25,Presidential Actions
Guaranteeing The States Protection Against Invasion,https://www.whitehouse.gov/presidential-actions/2025/01/guaranteeing-the-states-protection-against-invasion/,20-Jan-25,Presidential Actions
Restoring Names That Honor American Greatness,https://www.whitehouse.gov/presidential-actions/2025/01/restoring-names-that-honor-american-greatness/,20-Jan-25,Presidential Actions
Designating Cartels And Other Organizations As Foreign Terrorist Organizations And Specially Designated Global Terrorists,https://www.whitehouse.gov/presidential-actions/2025/01/designating-cartels-and-other-organizations-as-foreign-terrorist-organizations-and-specially-designated-global-terrorists/,20-Jan-25,Presidential Actions
Reforming The Federal Hiring Process And Restoring Merit To Government Service,https://www.whitehouse.gov/presidential-actions/2025/01/reforming-the-federal-hiring-process-and-restoring-merit-to-government-service/,20-Jan-25,Presidential Actions
Ending Radical And Wasteful Government DEI Programs And Preferencing,https://www.whitehouse.gov/presidential-actions/2025/01/ending-radical-and-wasteful-government-dei-programs-and-preferencing/,20-Jan-25,Presidential Actions
Defending Women From Gender Ideology Extremism And Restoring Biological Truth To The Federal Government,https://www.whitehouse.gov/presidential-actions/2025/01/defending-women-from-gender-ideology-extremism-and-restoring-biological-truth-to-the-federal-government/,20-Jan-25,Presidential Actions
Establishing And Implementing The President’s “Department Of Government Efficiency”,https://www.whitehouse.gov/presidential-actions/2025/01/establishing-and-implementing-the-presidents-department-of-government-efficiency/,20-Jan-25,Presidential Actions
America First Policy Directive To The Secretary Of State,https://www.whitehouse.gov/presidential-actions/2025/01/america-first-policy-directive-to-the-secretary-of-state/,20-Jan-25,Presidential Actions
Protecting The United States From Foreign Terrorists And Other National Security And Public Safety Threats,https://www.whitehouse.gov/presidential-actions/2025/01/protecting-the-united-states-from-foreign-terrorists-and-othernational-security-and-public-safety-threats/,20-Jan-25,Presidential Actions
Unleashing Alaska’s Extraordinary Resource Potential,https://www.whitehouse.gov/presidential-actions/2025/01/unleashing-alaskas-extraordinary-resource-potential/,20-Jan-25,Presidential Actions
Protecting The American People Against Invasion,https://www.whitehouse.gov/presidential-actions/2025/01/protecting-the-american-people-against-invasion/,20-Jan-25,Presidential Actions
The Organization for Economic Co-operation and Development (OECD) Global Tax Deal (Global Tax Deal),https://www.whitehouse.gov/presidential-actions/2025/01/the-organization-for-economic-co-operation-and-development-oecd-global-tax-deal-global-tax-deal/,20-Jan-25,Presidential Actions
Organization of the National Security Council and Subcommittees,https://www.whitehouse.gov/presidential-actions/2025/01/organization-of-the-national-security-council-and-subcommittees/,20-Jan-25,Presidential Actions
Reevaluating And Realigning United States Foreign Aid,https://www.whitehouse.gov/presidential-actions/2025/01/reevaluating-and-realigning-united-states-foreign-aid/,20-Jan-25,Presidential Actions
Temporary Withdrawal of All Areas on the Outer Continental Shelf from Offshore Wind Leasing and Review of the Federal Government’s Leasing and Permitting Practices for Wind Projects,https://www.whitehouse.gov/presidential-actions/2025/01/temporary-withdrawal-of-all-areas-on-the-outer-continental-shelf-from-offshore-wind-leasing-and-review-of-the-federal-governments-leasing-and-permitting-practices-for-wind-projects/,20-Jan-25,Presidential Actions
Declaring a National Energy Emergency,https://www.whitehouse.gov/presidential-actions/2025/01/declaring-a-national-energy-emergency/,20-Jan-25,Presidential Actions
Restoring Accountability for Career Senior Executives,https://www.whitehouse.gov/presidential-actions/2025/01/restoring-accountability-for-career-senior-executives/,20-Jan-25,Presidential Actions
Promoting Beautiful Federal Civic Architecture,https://www.whitehouse.gov/presidential-actions/2025/01/promoting-beautiful-federal-civic-architecture/,20-Jan-25,Presidential Actions
Restoring The Death Penalty And Protecting Public Safety,https://www.whitehouse.gov/presidential-actions/2025/01/restoring-the-death-penalty-and-protecting-public-safety/,20-Jan-25,Presidential Actions
Putting People Over Fish: Stopping Radical Environmentalism to Provide Water to Southern California,https://www.whitehouse.gov/presidential-actions/2025/01/putting-people-over-fish-stopping-radical-environmentalism-to-provide-water-to-southern-california/,20-Jan-25,Presidential Actions
Securing Our Borders,https://www.whitehouse.gov/presidential-actions/2025/01/securing-our-borders/,20-Jan-25,Presidential Actions
Protecting The Meaning And Value Of American Citizenship,https://www.whitehouse.gov/presidential-actions/2025/01/protecting-the-meaning-and-value-of-american-citizenship/,20-Jan-25,Presidential Actions
Realigning the United States Refugee Admissions Program,https://www.whitehouse.gov/presidential-actions/2025/01/realigning-the-united-states-refugee-admissions-program/,20-Jan-25,Presidential Actions
Unleashing American Energy,https://www.whitehouse.gov/presidential-actions/2025/01/unleashing-american-energy/,20-Jan-25,"Presidential Actions, Executive Orders"
Clarifying The Military’s Role In Protecting The Territorial Integrity Of The United States,https://www.whitehouse.gov/presidential-actions/2025/01/clarifying-the-militarys-role-in-protecting-the-territorial-integrity-of-the-united-states/,20-Jan-25,Presidential Actions
America First Trade Policy,https://www.whitehouse.gov/presidential-actions/2025/01/america-first-trade-policy/,20-Jan-25,Presidential Actions
Memorandum to Resolve the Backlog of Security Clearances for Executive Office of the President Personnel,https://www.whitehouse.gov/presidential-actions/2025/01/memorandum-to-resolve-the-backlog-of-security-clearances-for-executive-office-of-the-president-personnel/,20-Jan-25,Presidential Actions
Declaring A National Emergency At The Southern Border Of The United States,https://www.whitehouse.gov/presidential-actions/2025/01/declaring-a-national-emergency-at-the-southern-border-of-the-united-states/,20-Jan-25,Presidential Actions
Holding Former Government Officials Accountable For Election Interference And Improper Disclosure Of Sensitive Governmental Information,https://www.whitehouse.gov/presidential-actions/2025/01/holding-former-government-officials-accountablefor-election-interference-and-improper-disclosure-of-sensitive-governmental-information/,20-Jan-25,Presidential Actions
Restoring Accountability To Policy-Influencing Positions Within the Federal Workforce,https://www.whitehouse.gov/presidential-actions/2025/01/restoring-accountability-to-policy-influencing-positions-within-the-federal-workforce/,20-Jan-25,Presidential Actions
Withdrawing The United States From The World Health Organization,https://www.whitehouse.gov/presidential-actions/2025/01/withdrawing-the-united-states-from-the-worldhealth-organization/,20-Jan-25,Presidential Actions
Application Of Protecting Americans From Foreign Adversary Controlled Applications Act To TikTok,https://www.whitehouse.gov/presidential-actions/2025/01/application-of-protecting-americans-from-foreign-adversary-controlled-applications-act-to-tiktok/,20-Jan-25,Presidential Actions
"Granting Pardons And Commutation Of Sentences For Certain Offenses Relating To The Events At Or Near The United States Capitol On January 6, 2021",https://www.whitehouse.gov/presidential-actions/2025/01/granting-pardons-and-commutation-of-sentences-for-certain-offenses-relating-to-the-events-at-or-near-the-united-states-capitol-on-january-6-2021/,20-Jan-25,Presidential Actions
Putting America First In International Environmental Agreements,https://www.whitehouse.gov/presidential-actions/2025/01/putting-america-first-in-international-environmental-agreements/,20-Jan-25,Presidential Actions
Delivering Emergency Price Relief for American Families and Defeating the Cost-of-Living Crisis,https://www.whitehouse.gov/presidential-actions/2025/01/delivering-emergency-price-relief-for-american-families-and-defeating-the-cost-of-living-crisis/,20-Jan-25,Presidential Actions
Hiring Freeze,https://www.whitehouse.gov/presidential-actions/2025/01/hiring-freeze/,20-Jan-25,Presidential Actions
Regulatory Freeze Pending Review,https://www.whitehouse.gov/presidential-actions/2025/01/regulatory-freeze-pending-review/,20-Jan-25,Presidential Actions
Return to In-Person Work,https://www.whitehouse.gov/presidential-actions/2025/01/return-to-in-person-work/,20-Jan-25,Presidential Actions
Ending The Weaponization Of The Federal Government,https://www.whitehouse.gov/presidential-actions/2025/01/ending-the-weaponization-of-the-federal-government/,20-Jan-25,Presidential Actions
Restoring Freedom Of Speech And Ending Federal Censorship,https://www.whitehouse.gov/presidential-actions/2025/01/restoring-freedom-of-speech-and-ending-federal-censorship/,20-Jan-25,Presidential Actions
Initial Rescissions Of Harmful Executive Orders And Actions,https://www.whitehouse.gov/presidential-actions/2025/01/initial-rescissions-of-harmful-executive-orders-and-actions/,20-Jan-25,Presidential Actions
Flying The Flag Of The United States At Full-Staff On Inauguration Day,https://www.whitehouse.gov/presidential-actions/2025/01/flying-the-flag-of-the-united-states-at-full-staff-on-inauguration-day/,20-Jan-25,Presidential Actions
President Trump Designates Chairmen and Acting Chairmen,https://www.whitehouse.gov/presidential-actions/2025/01/designation-of-chairmen-and-acting-chairmen/,20-Jan-25,Presidential Actions
President Trump Announces Acting Cabinet and Cabinet-Level Positions,https://www.whitehouse.gov/presidential-actions/2025/01/designation-of-acting-leaders/,20-Jan-25,Presidential Actions
President Trump Announces Sub-Cabinet Appointments,https://www.whitehouse.gov/presidential-actions/2025/01/sub-cabinet-appointments/,20-Jan-25,Presidential Actions
President Trump Announces Cabinet and Cabinet Level Appointments,https://www.whitehouse.gov/presidential-actions/2025/01/cabinet-and-cabinet-level-appointments/,20-Jan-25,Presidential Actions
